,led0,led1,led2,led3,led4,led5,led6,led7
intensity,0.068423,0.068334,0.094535,0.021131,0.060789,0.051537,0.023237,0.029511
variance,1.785031e-08,8.020457e-09,2.01071e-08,3.45409e-10,8.80533e-09,2.971e-08,6.224916e-09,1.597448e-08
ambient,0.000574,0.000574,0.000577,0.000576,0.000573,0.000575,0.000574,0.000572
