,led0,led1,led2,led3,led4,led5,led6,led7
intensity,0.358477,0.412621,0.347949,0.245416,0.309714,0.260758,0.144249,0.109526
variance,2.867013e-07,3.41528e-07,3.504797e-07,6.029623e-08,2.651567e-07,1.342174e-06,1.194863e-07,2.53705e-07
ambient,0.002579,0.002579,0.002561,0.002591,0.002572,0.002567,0.002567,0.002555
