,led0,led1,led2,led3,led4,led5,led6,led7
intensity,0.066468,0.055466,0.083682,0.019613,0.055255,0.047098,0.01912,0.026887
variance,1.918536e-08,1.531276e-09,5.226241e-09,2.862634e-10,3.046523e-09,7.167955e-09,8.078302e-10,7.167871e-09
ambient,0.000514,0.000502,0.000509,0.000502,0.000512,0.000507,0.000512,0.000506
