,led0,led1,led2,led3,led4,led5,led6,led7
intensity,0.049996,0.03708,0.07001,0.0053,0.034378,0.036956,0.00847,0.019321
variance,5.953311e-09,4.171083e-09,1.037135e-08,3.019375e-10,5.642363e-09,1.525501e-08,6.205618e-10,7.664286e-09
ambient,0.001348,0.001333,0.001327,0.001326,0.001327,0.00132,0.001318,0.001319
