,led0,led1,led2,led3,led4,led5,led6,led7
intensity,0.379539,0.500289,0.419051,0.283815,0.409052,0.289738,0.226607,0.150984
variance,2.092388e-07,6.591184e-07,5.264795e-07,7.367819e-08,4.122229e-07,1.072364e-06,4.552499e-07,5.092053e-07
ambient,0.006477,0.006457,0.006437,0.006452,0.006415,0.006448,0.006421,0.006405
