,led0,led1,led2,led3,led4,led5,led6,led7
intensity,0.593255,0.776864,0.68715,0.463072,0.856866,0.453648,0.410448,0.294535
variance,1.346757e-06,5.076426e-07,4.75245e-07,1.353247e-07,7.391863e-07,8.444674e-07,6.371866e-07,8.900141e-07
ambient,0.000565,0.000579,0.000571,0.000582,0.00058,0.000573,0.000565,0.000566
