,led0,led1,led2,led3,led4,led5,led6,led7
intensity,0.260649,0.408969,0.362682,0.231928,0.352143,0.236552,0.153258,0.110693
variance,4.665832e-07,2.695767e-07,4.037306e-07,5.816731e-08,3.177194e-07,5.431178e-07,1.695884e-07,2.787664e-07
ambient,0.002345,0.002343,0.002334,0.002334,0.00234,0.002338,0.002331,0.002325
