,led0,led1,led2,led3,led4,led5,led6,led7
intensity,0.130274,0.150011,0.161657,0.075651,0.148435,0.102247,0.075691,0.059347
variance,3.541744e-08,4.436177e-08,6.597017e-08,5.55427e-09,5.121075e-08,1.144707e-07,4.782426e-08,7.698895e-08
ambient,0.002341,0.002345,0.002342,0.002358,0.002365,0.002369,0.002367,0.002359
