,led0,led1,led2,led3,led4,led5,led6,led7
intensity,0.080872,0.079262,0.1044,0.032212,0.085176,0.063148,0.04429,0.046089
variance,2.141815e-08,9.901706e-09,2.477276e-08,1.3694e-09,1.422259e-08,4.101012e-08,1.526431e-08,4.605137e-08
ambient,0.000746,0.000753,0.000749,0.000767,0.00077,0.000764,0.000745,0.000748
