,led0,led1,led2,led3,led4,led5,led6,led7
intensity,0.249392,0.331151,0.305682,0.16904,0.270306,0.183225,0.146682,0.099992
variance,1.13738e-07,2.3238e-07,2.610742e-07,3.547625e-08,2.164441e-07,3.005422e-07,1.965011e-07,1.827436e-07
ambient,0.003017,0.003009,0.002995,0.00301,0.002996,0.003008,0.002984,0.002979
