,led0,led1,led2,led3,led4,led5,led6,led7
intensity,0.049978,0.037092,0.070028,0.0053,0.034402,0.036976,0.008485,0.019337
variance,4.373456e-09,3.201819e-09,1.03624e-08,1.190619e-10,2.568015e-09,1.329829e-08,1.13071e-09,8.716805e-09
ambient,0.001341,0.001337,0.001329,0.001328,0.001325,0.001342,0.00133,0.001333
