,led0,led1,led2,led3,led4,led5,led6,led7
intensity,0.249484,0.331166,0.304913,0.168166,0.268844,0.182618,0.146657,0.100384
variance,1.022018e-07,2.491149e-07,2.602867e-07,2.484993e-08,2.091756e-07,4.180041e-07,1.891668e-07,2.470067e-07
ambient,0.003079,0.003085,0.003062,0.003082,0.00307,0.003077,0.003066,0.003064
