,led0,led1,led2,led3,led4,led5,led6,led7
intensity,0.068435,0.068312,0.094518,0.021121,0.060783,0.05153,0.023232,0.02952
variance,2.180849e-08,8.776103e-09,2.388139e-08,6.131722e-10,1.349085e-08,2.927464e-08,7.465587e-09,1.751876e-08
ambient,0.000564,0.00056,0.000563,0.000561,0.000559,0.000563,0.000557,0.000568
