,led0,led1,led2,led3,led4,led5,led6,led7
intensity,0.068454,0.068329,0.094522,0.021129,0.060786,0.051544,0.023237,0.02952
variance,1.792037e-08,8.946898e-09,2.050076e-08,4.842059e-10,8.556659e-09,2.719661e-08,4.417242e-09,1.830588e-08
ambient,0.000569,0.000571,0.000561,0.000564,0.000561,0.000561,0.000564,0.000558
